Querier,Cache log
Querier,Cache log
Querier,Cache log
7208,miss
4465,miss
16920,miss
17225,miss
453,miss
2108,miss
23540,miss
12874,miss
34084,miss
19368,miss
30350,miss
11629,miss
23791,miss
11374,miss
34647,miss
15574,miss
32910,miss
19684,miss
15365,miss
26265,miss
13471,miss
34647,regenerate
16920,regenerate
19991,miss
29596,miss
16776,miss
13572,miss
14246,miss
7366,miss
22235,miss
14451,miss
14525,miss
9939,miss
16776,regenerate
7016,miss
18530,miss
4889,miss
4889,hit
33733,miss
34380,miss
2102,miss
15354,miss
33049,miss
19101,miss
8830,miss
3822,miss
6556,miss
29699,miss
5566,miss
364,miss
16948,miss
16071,miss
9823,miss
34290,miss
35470,miss
14601,miss
28335,miss
16920,regenerate
11043,miss
6979,miss
3476,miss
29936,miss
12141,miss
30736,miss
1081,miss
7802,miss
1160,miss
580,miss
14515,miss
12148,miss
19101,regenerate
3718,miss
11282,miss
11383,miss
36241,miss
4331,miss
18131,miss
6415,miss
16505,miss
17463,miss
16360,miss
28393,miss
2124,miss
13138,miss
14068,miss
9375,miss
30117,miss
14996,miss
29540,miss
34380,regenerate
13797,miss
31863,miss
9868,miss
26371,miss
35836,miss
8620,miss
4415,miss
29360,miss
721,miss
29072,miss
11043,regenerate
16377,miss
25113,miss
1545,miss
35397,miss
7208,miss
26096,miss
18575,miss
803,miss
1267,miss
16692,miss
13959,miss
16607,miss
24125,miss
26371,updation
32069,miss
1040,miss
34342,miss
34342,hit
580,updation
36371,miss
14246,regenerate
28490,miss
16920,updation
22735,miss
18654,miss
8830,updation
12813,miss
16622,miss
18852,miss
13138,updation
3980,miss
17956,miss
31418,miss
22235,regenerate
6556,updation
29826,miss
16692,updation
30743,miss
27309,miss
7327,miss
14601,updation
5997,miss
24125,hit
177,miss
26994,miss
16491,miss
31342,miss
28194,miss
453,updation
7598,miss
12054,miss
14811,miss
22335,miss
16143,miss
3980,hit
1085,miss
8197,miss
13661,miss
29987,miss
6979,updation
1267,updation
28836,miss
21773,miss
31303,miss
13138,regenerate
28278,miss
11374,updation
19684,updation
23371,miss
29372,miss
15354,regenerate
13024,miss
17064,miss
21672,miss
27259,miss
1455,miss
18131,hit
26710,miss
1023,miss
11650,miss
1408,miss
23400,miss
3980,updation
34280,miss
13512,miss
32913,miss
6096,miss
16505,regenerate
18852,updation
3680,miss
29936,updation
31863,updation
27046,miss
36348,miss
29596,updation
32816,miss
13138,updation
13959,updation
26475,miss
25357,miss
25811,miss
11315,miss
17290,miss
18575,updation
19421,miss
17290,regenerate
3680,hit
16360,updation
30696,miss
12813,updation
6979,updation
15365,regenerate
3100,miss
11660,miss
14813,miss
19719,miss
27302,miss
19924,miss
15538,miss
24061,miss
32069,updation
23416,miss
29864,miss
29699,updation
28878,miss
30117,updation
12840,miss
26475,hit
4167,miss
8197,hit
5394,miss
24125,updation
9375,updation
10283,miss
31102,miss
12499,miss
7016,updation
22735,updation
1766,miss
23969,miss
31264,miss
9178,miss
14813,hit
28114,miss
24802,miss
33011,miss
18784,miss
10283,regenerate
31943,miss
1040,updation
1081,updation
22735,regenerate
9178,hit
16948,updation
11650,updation
17463,updation
35546,miss
30720,miss
13797,updation
35470,updation
26697,miss
10455,miss
31863,regenerate
32888,miss
13824,miss
12141,updation
19421,hit
2124,updation
23416,regenerate
15011,miss
6626,miss
8620,updation
9939,updation
1995,miss
35244,miss
35240,miss
31943,regenerate
12499,hit
34084,updation
29596,updation
33011,hit
16948,updation
16228,miss
15365,regenerate
36401,miss
12387,miss
5394,updation
6318,miss
27302,updation
6516,miss
13512,updation
17225,updation
12108,miss
26096,updation
11374,updation
19924,regenerate
34084,regenerate
4167,hit
1408,updation
7310,miss
32083,miss
30088,miss
11043,regenerate
20995,miss
496,miss
1160,updation
9522,miss
5379,miss
3718,updation
18654,updation
4465,updation
17196,miss
9823,updation
6824,miss
1408,regenerate
24200,miss
32818,miss
20239,miss
24514,miss
6318,regenerate
12387,hit
11629,updation
19368,updation
27046,regenerate
9163,miss
9726,miss
10490,miss
15230,miss
10490,hit
17956,updation
18654,regenerate
14629,miss
23371,hit
23907,miss
11221,miss
29372,updation
2857,miss
721,updation
10054,miss
10455,updation
9726,hit
428,miss
9178,hit
16377,updation
4494,miss
19744,miss
22764,miss
16771,miss
6533,miss
26366,miss
30736,updation
29699,updation
13353,miss
19719,hit
2045,miss
18852,regenerate
33049,updation
11315,updation
16948,updation
12141,updation
9522,updation
16692,updation
29540,updation
18654,hit
9746,miss
28247,miss
32634,miss
11858,miss
7069,miss
35240,updation
14246,updation
14068,updation
2124,regenerate
10054,updation
9823,regenerate
15486,miss
36401,updation
14930,miss
28490,updation
17956,updation
12873,miss
35470,updation
9189,miss
13572,updation
29156,miss
22735,updation
27046,updation
19963,miss
33011,updation
36371,updation
32741,miss
18648,miss
6516,hit
4702,miss
13708,miss
14451,updation
4331,updation
7069,updation
5394,updation
13512,updation
299,miss
9823,hit
28194,updation
16071,updation
17463,updation
6096,updation
32603,miss
32818,updation
11315,updation
32774,miss
15365,regenerate
34342,updation
23952,miss
33049,regenerate
32888,hit
28393,updation
29987,updation
35546,updation
6556,updation
36254,miss
25956,miss
12108,updation
2102,updation
177,updation
6626,updation
1023,updation
5124,miss
9163,updation
7598,updation
21773,updation
13944,miss
25113,updation
20995,hit
35244,updation
7069,updation
30736,updation
32779,miss
6096,regenerate
5352,miss
19991,updation
14601,updation
34410,miss
14068,regenerate
13819,miss
12387,updation
18852,hit
25956,hit
19924,updation
24061,updation
18784,updation
17463,regenerate
2045,hit
16771,updation
23519,miss
32888,hit
19782,miss
29260,miss
21396,miss
1040,updation
36401,updation
32816,updation
3822,updation
2561,miss
13797,updation
19782,hit
453,updation
13661,updation
16505,updation
1912,miss
28114,updation
16749,miss
6626,updation
31303,updation
30707,miss
23969,updation
2427,miss
30743,updation
9674,miss
5124,hit
35546,regenerate
5674,miss
35756,miss
11315,updation
10455,updation
23791,updation
13819,regenerate
7069,regenerate
36371,updation
24061,updation
16701,miss
31102,updation
4141,miss
32069,updation
7327,updation
10054,updation
23371,updation
6824,updation
33850,miss
26697,updation
6096,updation
25811,regenerate
19392,miss
26648,miss
453,updation
31303,regenerate
16360,updation
13572,updation
15088,miss
34161,miss
9476,miss
13073,miss
8389,miss
1081,updation
35689,miss
21741,miss
31408,miss
15574,updation
5833,miss
29072,updation
5618,miss
32818,updation
2561,updation
4465,updation
9522,updation
29072,regenerate
3100,updation
12813,updation
6415,updation
34084,updation
25811,regenerate
24388,miss
16377,updation
27302,updation
30743,regenerate
10490,updation
32634,updation
32741,updation
3328,miss
11650,updation
2124,updation
29540,updation
13819,regenerate
10054,updation
16143,updation
496,hit
11221,updation
35756,updation
29540,updation
3756,miss
18852,updation
9726,updation
2102,regenerate
10285,miss
8197,hit
23519,updation
10479,miss
5394,updation
23978,miss
32741,updation
19963,updation
17290,updation
26697,updation
5618,regenerate
13138,updation
9189,updation
26710,updation
28153,miss
9868,updation
7208,miss
22235,updation
16071,updation
3476,updation
9726,regenerate
26475,updation
11221,updation
4465,updation
11629,updation
721,updation
5124,updation
20845,miss
15365,updation
13409,miss
21672,updation
13797,regenerate
9178,updation
13797,regenerate
36373,miss
23978,hit
15088,updation
32741,regenerate
28114,updation
17225,updation
18852,updation
1545,updation
8071,miss
19744,regenerate
13708,updation
3100,updation
26371,updation
12840,updation
4465,regenerate
30134,miss
3822,updation
9939,updation
28114,updation
29072,updation
10479,regenerate
23540,updation
11595,miss
29668,miss
2124,updation
7880,miss
35756,regenerate
3476,updation
7208,miss
35796,miss
10287,miss
13748,miss
1351,miss
1351,regenerate
11383,updation
18852,updation
27309,updation
14813,updation
17196,updation
8197,hit
28020,miss
4141,updation
20239,updation
8010,miss
32741,hit
19991,updation
17196,regenerate
30707,updation
14246,updation
34280,updation
34280,regenerate
21741,updation
29260,updation
16692,updation
5352,updation
11858,updation
35836,updation
12148,updation
16377,updation
4331,updation
16948,updation
11135,miss
18530,updation
31264,updation
32816,updation
5131,miss
18530,regenerate
16701,updation
34679,miss
10285,updation
30350,updation
29260,updation
13708,regenerate
13748,updation
7327,updation
19368,regenerate
8389,updation
20006,miss
7802,updation
30117,updation
34280,hit
22549,miss
15814,miss
6556,updation
11374,updation
31086,miss
19345,miss
1455,updation
5379,updation
33418,miss
4889,updation
36401,updation
24125,updation
17467,miss
12775,miss
27323,miss
23400,updation
9163,updation
29596,updation
34568,miss
25113,updation
18306,miss
27830,miss
9522,updation
34647,updation
1085,updation
36401,regenerate
16491,updation
24125,regenerate
1267,updation
32774,updation
33011,updation
10054,updation
32910,updation
36373,updation
17064,updation
13024,updation
453,miss
26994,updation
15538,updation
11660,updation
5394,updation
30250,miss
29372,updation
3680,updation
29360,updation
27302,updation
35689,updation
12108,updation
19991,updation
7432,miss
35546,updation
32779,updation
17463,updation
4415,updation
12108,regenerate
14811,updation
14451,updation
22979,miss
34290,updation
29699,updation
4465,miss
4415,updation
10455,updation
12840,updation
20006,miss
28114,updation
16142,miss
26648,updation
21345,miss
24125,hit
21345,hit
6415,updation
9674,updation
32913,updation
7327,updation
1023,updation
13024,regenerate
25113,updation
14451,updation
31303,updation
6367,miss
4465,updation
34058,miss
36373,updation
6979,updation
19392,updation
31086,updation
23540,miss
30117,updation
15574,miss
12840,regenerate
10283,regenerate
15574,hit
22019,miss
28513,miss
1040,updation
2124,updation
26697,updation
15538,updation
25223,miss
4494,updation
7802,updation
30134,updation
11315,updation
29260,updation
19345,updation
10479,updation
2427,updation
23416,updation
5379,regenerate
11221,updation
4141,updation
12054,updation
17064,regenerate
16505,regenerate
28194,updation
16622,updation
28490,updation
3100,updation
13748,updation
33971,miss
32910,regenerate
12054,regenerate
17463,regenerate
6556,updation
16948,updation
12873,updation
31408,updation
26648,regenerate
32910,regenerate
30414,miss
27309,updation
24125,updation
721,updation
15354,updation
16071,updation
34161,updation
1160,updation
7880,updation
17621,miss
30720,updation
23907,updation
6556,regenerate
16662,miss
29372,updation
8389,updation
4702,updation
5394,updation
34380,miss
32603,updation
7366,miss
9674,regenerate
5654,miss
6650,miss
6415,regenerate
1766,updation
2045,updation
31102,updation
12499,updation
16771,updation
4141,regenerate
31943,regenerate
26475,updation
36254,updation
16142,updation
8389,updation
15538,regenerate
10455,updation
24061,updation
34290,updation
27046,updation
29936,updation
9375,updation
428,hit
32774,updation
8389,regenerate
19924,updation
30414,regenerate
19782,updation
32888,updation
6318,updation
26710,updation
5654,updation
6824,updation
25223,updation
580,updation
4465,regenerate
5379,updation
32774,regenerate
11221,updation
5352,updation
35244,updation
5704,miss
17290,updation
18784,updation
27046,regenerate
3914,miss
6626,updation
6626,regenerate
31418,updation
19684,miss
27302,updation
35836,updation
35302,miss
19991,updation
30707,updation
7016,miss
30743,updation
16491,updation
19924,regenerate
9375,updation
496,updation
30736,updation
13959,updation
28490,updation
35240,updation
14811,updation
31943,regenerate
2045,updation
20532,miss
34161,updation
28335,miss
6415,updation
19684,regenerate
36348,updation
28878,updation
30736,updation
7432,updation
33733,miss
20995,updation
5131,updation
36401,updation
7366,hit
7310,updation
13138,updation
11629,miss
13819,regenerate
299,updation
1351,updation
3822,miss
30311,miss
29372,updation
10455,updation
6979,updation
3914,updation
19782,updation
35470,miss
4141,regenerate
16607,updation
30088,updation
4494,updation
14629,updation
13661,updation
25113,updation
16377,updation
31086,updation
13073,updation
11043,miss
30707,regenerate
13471,miss
18131,updation
36348,regenerate
29596,updation
5692,miss
6367,updation
35689,updation
34161,updation
15230,updation
30736,regenerate
9823,miss
34912,miss
15088,updation
29514,miss
10287,updation
2836,miss
1581,miss
22549,updation
19684,updation
25357,updation
7432,updation
31102,updation
11221,updation
21672,updation
10287,regenerate
13409,updation
3822,updation
5131,updation
16360,miss
35397,updation
27302,updation
11374,updation
31086,updation
16622,updation
6096,updation
6533,updation
23791,miss
34161,updation
28490,regenerate
32603,regenerate
31943,regenerate
5654,updation
13944,updation
6824,updation
23416,regenerate
19924,updation
16071,updation
18784,updation
21396,updation
34410,updation
27309,updation
25811,regenerate
2836,hit
27046,regenerate
13661,updation
16622,updation
20718,miss
35244,updation
5706,miss
36348,updation
17225,miss
31863,miss
11595,updation
22282,miss
7327,updation
16505,updation
9868,miss
29864,updation
32634,updation
29360,updation
12874,miss
32069,updation
15354,updation
16771,updation
28278,updation
32634,regenerate
4141,updation
22735,updation
11858,updation
4702,updation
1351,updation
18530,miss
7069,updation
18654,updation
20995,regenerate
12874,hit
5618,updation
36371,updation
2124,updation
23416,updation
35397,updation
22549,updation
21345,updation
11858,regenerate
20006,miss
31264,updation
23978,updation
20006,miss
29699,updation
5997,updation
34397,miss
30720,updation
2045,regenerate
35240,updation
7432,updation
15354,updation
22764,updation
29260,updation
6556,updation
15365,miss
30250,updation
9726,updation
35546,updation
28490,updation
35836,updation
21396,updation
24388,updation
17778,miss
13353,updation
24061,updation
23203,miss
29540,miss
35240,updation
30736,updation
30707,updation
4141,regenerate
21741,updation
18530,regenerate
35470,updation
5704,regenerate
7880,updation
4702,updation
16776,miss
32779,updation
9939,miss
15354,regenerate
16920,miss
32888,updation
22305,miss
1995,updation
32634,updation
13353,regenerate
2836,updation
27046,regenerate
29372,updation
7802,updation
11858,regenerate
7327,updation
30117,updation
11374,updation
21396,regenerate
9476,updation
17463,updation
10455,updation
7069,updation
3328,updation
35836,updation
23400,regenerate
34280,updation
26265,miss
21672,updation
20239,updation
580,updation
6367,regenerate
23416,regenerate
18852,miss
24802,updation
31303,updation
15354,updation
26475,updation
16505,updation
35756,updation
35470,updation
30088,updation
30077,miss
35397,regenerate
33418,updation
11595,updation
2124,updation
29156,updation
21475,miss
17225,hit
36371,regenerate
28020,updation
4141,regenerate
12775,updation
15538,updation
35397,hit
22549,updation
13512,updation
29699,updation
6979,updation
3476,miss
11282,miss
7432,updation
26710,updation
26366,updation
5997,updation
3756,updation
12479,miss
19719,updation
19924,updation
36401,updation
26697,updation
17798,miss
7016,updation
18654,updation
11858,updation
17196,updation
3680,updation
6096,updation
1267,updation
14312,miss
36401,updation
32774,updation
14312,regenerate
17064,updation
11383,miss
4167,updation
17064,regenerate
28878,updation
31408,updation
34161,regenerate
18530,updation
23952,updation
11135,updation
22235,miss
8830,miss
32634,updation
28490,updation
1912,updation
24125,regenerate
21741,updation
12813,miss
23952,regenerate
25811,updation
28878,updation
35756,updation
1085,updation
19719,regenerate
14996,miss
17621,updation
14813,updation
17463,updation
15354,updation
10479,updation
4494,updation
5706,updation
17196,regenerate
13138,updation
5124,updation
21672,updation
17064,hit
31303,updation
13138,regenerate
15011,updation
28393,miss
14515,miss
22282,updation
23416,regenerate
22282,regenerate
32818,updation
1995,updation
20011,miss
21345,updation
20995,hit
26994,updation
10479,regenerate
16692,miss
23540,regenerate
12108,updation
19101,miss
5692,updation
21672,updation
28335,updation
6367,updation
29864,updation
11660,updation
31418,updation
32913,regenerate
32888,updation
26555,miss
28020,updation
496,updation
24514,updation
32603,regenerate
13824,miss
13138,updation
3476,updation
2124,updation
22019,updation
19991,updation
29936,updation
21773,miss
803,miss
34647,updation
31408,updation
35397,hit
11629,updation
11043,regenerate
13512,updation
2561,updation
12840,updation
7802,updation
33971,updation
4167,updation
35756,regenerate
11629,regenerate
11858,updation
17778,updation
12108,updation
29596,updation
26697,updation
9746,updation
7598,miss
32779,updation
14246,miss
16143,miss
23519,updation
30077,updation
5706,updation
1160,updation
29360,updation
22335,miss
25357,updation
21672,updation
30720,updation
12873,updation
16920,updation
34058,updation
22305,updation
3680,updation
19924,updation
6516,miss
31863,updation
1085,updation
428,updation
15354,updation
32816,miss
12387,miss
23519,updation
17467,updation
36254,updation
34410,updation
12387,hit
22282,updation
28020,updation
19421,miss
16228,miss
12840,updation
3822,updation
6516,hit
14811,updation
2561,updation
6824,updation
9163,updation
18784,updation
34161,updation
22305,regenerate
17778,updation
34912,updation
27323,updation
11383,updation
17196,hit
32888,regenerate
29699,updation
19963,miss
7016,updation
7327,updation
13944,updation
11135,updation
24125,hit
10285,updation
15538,updation
36241,miss
4331,miss
15365,updation
5124,regenerate
24802,updation
12487,miss
30088,updation
21741,updation
21773,hit
15088,updation
14525,miss
15088,regenerate
31863,updation
21741,regenerate
13073,updation
6029,miss
32816,hit
23978,updation
20995,hit
34342,miss
7802,regenerate
36348,updation
35244,updation
16771,updation
12387,hit
4141,updation
34084,miss
10287,updation
15538,updation
32816,hit
15486,miss
2045,updation
14451,updation
5704,updation
32603,regenerate
2102,miss
3756,updation
1085,updation
18575,miss
4465,updation
26096,miss
580,updation
23969,miss
17956,miss
1267,updation
7310,updation
15814,updation
7310,regenerate
27302,updation
11221,updation
12479,regenerate
13572,miss
25113,updation
23952,updation
36401,updation
20995,hit
13024,updation
17798,updation
28020,updation
30088,updation
15574,updation
35689,updation
12775,updation
14246,updation
19684,updation
11650,miss
177,miss
22282,regenerate
14312,regenerate
299,updation
12387,hit
3822,updation
10455,updation
6415,updation
32069,updation
19368,miss
33971,updation
16771,regenerate
11595,updation
22764,updation
34912,updation
16662,updation
33418,updation
23952,regenerate
19684,regenerate
3328,updation
7069,updation
29072,miss
11135,regenerate
16491,updation
2124,regenerate
4494,updation
9726,updation
24200,miss
22979,updation
11660,updation
35796,miss
8830,updation
29514,updation
13512,updation
36373,updation
5654,updation
4095,miss
14246,regenerate
25357,updation
16771,updation
29372,updation
17778,updation
20239,updation
14246,regenerate
29596,updation
5706,updation
17467,updation
23400,hit
32069,updation
1455,updation
6415,regenerate
4095,hit
30414,updation
29864,updation
7327,updation
299,updation
3476,regenerate
30117,updation
12499,updation
32634,updation
13512,updation
12054,updation
16071,updation
35836,updation
3822,updation
14451,updation
4141,updation
21773,updation
33049,miss
9939,updation
20532,updation
5997,updation
11595,regenerate
32083,miss
31342,miss
29936,updation
30707,updation
30311,updation
15814,updation
26366,updation
35240,updation
16701,miss
7802,regenerate
9476,updation
6415,hit
6415,hit
7208,miss
28247,miss
23203,updation
35240,regenerate
19684,updation
32779,updation
29936,updation
8197,miss
13708,miss
1912,updation
17463,updation
23540,regenerate
27323,updation
5352,updation
15230,updation
9939,regenerate
11043,updation
13353,regenerate
12874,updation
25956,miss
5706,regenerate
36373,regenerate
15814,regenerate
36371,updation
36371,regenerate
20239,updation
26710,updation
26710,regenerate
9522,updation
36254,updation
1351,updation
32083,updation
721,miss
28335,updation
32816,updation
30311,updation
13471,updation
3100,updation
35756,updation
17290,updation
12108,updation
12775,updation
23371,miss
35689,updation
28490,updation
36373,regenerate
2427,updation
2857,miss
13138,updation
15354,updation
13572,updation
6626,updation
27046,updation
28153,miss
364,miss
7069,updation
8010,miss
13748,updation
29826,miss
5379,updation
21773,regenerate
14629,updation
28247,regenerate
7432,updation
12479,updation
26371,miss
428,updation
26371,hit
14996,updation
32816,updation
13797,miss
17956,updation
30250,updation
10479,regenerate
23400,hit
9823,updation
32774,updation
14068,miss
19782,updation
8830,updation
30088,updation
177,updation
34290,miss
5766,miss
22764,regenerate
34912,updation
1085,updation
30707,updation
35244,updation
30088,regenerate
9746,updation
2102,updation
23978,updation
13748,updation
1581,updation
10490,miss
12775,updation
34058,updation
31418,updation
15230,updation
1912,updation
7366,updation
2124,updation
13024,updation
33728,miss
17290,regenerate
4889,miss
36348,updation
4141,updation
18654,updation
20006,miss
9178,miss
19345,updation
13824,updation
17956,regenerate
14515,updation
34342,updation
36254,updation
26475,miss
26710,updation
26265,updation
4141,updation
11595,updation
30117,updation
34397,updation
10054,updation
7366,regenerate
31264,updation
26475,hit
8830,updation
11315,miss
36254,updation
31418,regenerate
19963,updation
428,regenerate
34397,regenerate
3718,miss
34410,updation
30117,regenerate
11660,updation
15574,updation
35302,updation
3100,updation
29156,updation
9178,hit
23416,miss
34618,miss
31086,updation
11282,updation
18306,updation
5566,miss
28114,miss
3914,updation
23978,regenerate
21345,updation
33049,updation
25357,updation
16771,updation
34397,hit
26710,updation
496,updation
27046,updation
6367,updation
30350,miss
4889,hit
27830,updation
9746,updation
1351,regenerate
34342,updation
11043,updation
11595,regenerate
34280,miss
20532,updation
9674,updation
7208,hit
19101,updation
1267,updation
23978,hit
29514,updation
28836,miss
31086,updation
16662,updation
29514,regenerate
34410,regenerate
29699,updation
17064,updation
13708,updation
32069,updation
10054,updation
32603,updation
6029,updation
16607,miss
11595,hit
21396,updation
6533,updation
2045,updation
4702,updation
2045,regenerate
14525,updation
7208,hit
10054,regenerate
34912,updation
36241,updation
27830,updation
32816,updation
15011,miss
3822,updation
1704,miss
28194,miss
35302,updation
8389,updation
23969,regenerate
19744,miss
11595,hit
11135,updation
1267,updation
12479,regenerate
29260,updation
18306,updation
27259,miss
9746,updation
16071,updation
19684,regenerate
14813,miss
23969,regenerate
26366,updation
1351,regenerate
23371,updation
25357,updation
29260,regenerate
29540,updation
30088,updation
6318,miss
20667,miss
1704,hit
15354,updation
9746,regenerate
18648,miss
35689,updation
26994,updation
7598,updation
14996,updation
13353,updation
30077,updation
1267,updation
19719,miss
13353,regenerate
3680,updation
1408,miss
22235,updation
6415,updation
12141,miss
29826,updation
23519,miss
32069,updation
26710,updation
30134,updation
19719,hit
32083,updation
20667,regenerate
27302,updation
31408,updation
13661,miss
35689,regenerate
8389,regenerate
12054,updation
1408,regenerate
17798,updation
3756,updation
17778,updation
31303,updation
21345,updation
2427,updation
34290,updation
31342,updation
33733,updation
1581,updation
3914,updation
20532,updation
17463,updation
31408,regenerate
35689,hit
11595,updation
26366,updation
25956,updation
10287,updation
8071,miss
32741,miss
24802,updation
1704,updation
12873,miss
10287,regenerate
33418,updation
16622,miss
14601,miss
30720,updation
24802,regenerate
29372,updation
7432,updation
13353,updation
9375,miss
6626,updation
803,updation
20667,regenerate
23791,updation
28490,updation
6367,updation
13661,hit
12873,hit
22282,updation
27309,miss
33971,updation
14246,updation
364,updation
29699,updation
8071,updation
12148,miss
10054,updation
31408,updation
11629,updation
6415,updation
4702,updation
34342,updation
23540,updation
28114,updation
36241,updation
30077,regenerate
13944,miss
27323,updation
5394,miss
20845,miss
6556,updation
28278,miss
27830,updation
34568,miss
15365,updation
34342,regenerate
5674,miss
23371,updation
9522,updation
34618,updation
364,updation
15486,updation
14068,updation
5997,updation
28393,updation
32634,updation
7016,updation
10479,updation
34380,updation
14451,updation
29699,regenerate
20667,regenerate
29072,updation
24514,miss
3476,updation
31086,updation
16920,updation
11043,regenerate
12148,regenerate
5674,hit
29826,updation
7366,updation
9746,updation
11315,updation
15230,regenerate
9939,updation
17064,updation
35689,updation
11221,updation
22282,regenerate
32069,updation
13073,miss
6415,updation
5654,updation
28153,updation
30707,updation
34084,updation
27259,updation
34679,miss
5352,updation
10455,updation
17064,regenerate
8071,regenerate
31303,updation
15574,updation
16920,updation
3328,updation
30696,miss
13572,updation
23969,updation
8389,updation
28878,miss
19421,updation
26994,updation
4331,updation
10287,updation
8071,hit
22549,miss
28335,updation
13512,updation
16948,miss
13708,updation
30414,updation
12108,updation
10479,regenerate
14996,updation
14930,miss
26697,updation
34647,miss
35302,updation
2108,miss
13471,updation
21345,updation
25223,miss
21741,miss
11629,updation
24388,miss
364,updation
31943,miss
7069,updation
3328,updation
24200,updation
26096,updation
2045,updation
17956,updation
1704,updation
9375,updation
26994,updation
22305,updation
6626,updation
33049,updation
23952,updation
21345,regenerate
7366,updation
4178,miss
26366,updation
28020,updation
23203,updation
12054,updation
34342,updation
31086,regenerate
36254,updation
9939,regenerate
30077,hit
28153,updation
17290,updation
1081,miss
31264,updation
11650,updation
6533,updation
36348,updation
35689,updation
13471,regenerate
12840,updation
4095,updation
16749,miss
5379,updation
2108,regenerate
28490,updation
32774,updation
6318,updation
27302,updation
15365,updation
8197,updation
23907,miss
13512,updation
496,updation
30350,updation
18648,hit
31264,updation
30743,miss
21345,updation
15486,updation
14629,updation
1704,regenerate
19744,updation
1081,hit
23791,regenerate
23791,regenerate
31418,updation
32913,hit
5131,miss
32634,updation
11650,updation
34618,updation
2045,regenerate
6367,updation
8620,miss
18852,updation
19421,updation
23978,updation
11650,regenerate
34772,miss
10285,miss
6415,updation
14246,updation
13708,updation
4167,updation
5997,updation
11383,updation
33728,updation
2102,updation
36373,updation
17064,updation
12387,updation
35240,updation
29936,updation
21741,updation
21396,updation
3718,updation
25357,updation
1545,miss
17196,updation
9375,regenerate
1408,updation
34912,updation
4415,miss
14515,updation
25113,miss
1455,updation
22019,miss
34912,regenerate
3680,updation
33850,miss
30707,updation
12141,updation
35470,miss
25223,updation
4331,updation
1085,updation
28490,updation
16622,updation
5833,miss
4167,regenerate
5674,updation
1455,updation
23952,updation
24125,miss
17290,updation
12775,updation
14996,updation
36401,updation
35836,updation
2561,miss
25113,hit
10054,updation
6415,updation
19101,updation
4167,hit
28114,updation
11135,updation
15486,updation
31408,updation
24388,hit
3822,updation
31264,updation
1351,updation
12148,updation
8830,updation
1545,updation
10283,miss
14068,updation
34410,updation
30077,hit
13572,updation
26648,miss
5654,updation
12775,regenerate
13409,miss
14451,updation
32888,updation
16143,updation
17621,miss
35240,updation
33733,updation
7802,updation
1023,miss
32888,regenerate
26171,miss
30311,updation
31303,updation
12108,updation
177,updation
34618,updation
29699,updation
33971,updation
32634,updation
15574,updation
5692,miss
17225,miss
11282,updation
21396,updation
24802,updation
8389,updation
13944,updation
21475,miss
11383,updation
18852,regenerate
17196,regenerate
19782,updation
7432,updation
32888,regenerate
26555,updation
12387,regenerate
22549,updation
14930,updation
19345,updation
31943,regenerate
8071,updation
15088,miss
8071,regenerate
2102,regenerate
23416,updation
17290,regenerate
19991,miss
8830,updation
26265,updation
2836,miss
15486,updation
21773,miss
17196,hit
16622,updation
16143,updation
11858,miss
12499,miss
25113,updation
35796,updation
9823,updation
19744,regenerate
9375,updation
4331,updation
1704,hit
803,updation
16749,updation
30696,updation
299,updation
16948,updation
23519,updation
29668,miss
32779,updation
29864,miss
13572,updation
12108,updation
28278,updation
19684,updation
30736,miss
6318,regenerate
19101,updation
10455,updation
10054,updation
14996,updation
16771,updation
11650,updation
34647,updation
11595,updation
32634,updation
23540,updation
29936,updation
9178,updation
12840,updation
35240,updation
34618,regenerate
29360,miss
8010,updation
26697,updation
6533,updation
29260,updation
6029,updation
25113,updation
5674,updation
26096,updation
9746,updation
30117,updation
14525,updation
15365,regenerate
36241,updation
9178,regenerate
11595,updation
29372,updation
13471,updation
2124,updation
17467,updation
11650,updation
27302,updation
23519,updation
14629,updation
19719,hit
28393,updation
27309,updation
6367,updation
15011,updation
28335,updation
4494,miss
33728,updation
19101,regenerate
10490,updation
29360,hit
9746,regenerate
16360,miss
18654,updation
34290,updation
16142,miss
1995,miss
16377,miss
15365,regenerate
33733,updation
31086,updation
22335,miss
28513,miss
28490,updation
36254,updation
299,updation
14246,updation
10455,updation
22979,updation
36241,updation
26994,updation
24514,hit
21741,updation
18654,updation
4178,updation
36401,updation
32888,updation
13748,updation
26265,updation
32816,miss
31086,regenerate
33011,miss
24514,hit
19392,miss
22305,updation
24802,updation
453,miss
5566,updation
11858,updation
3328,updation
35546,miss
34647,updation
13073,updation
32816,hit
9823,updation
22979,updation
364,updation
24514,hit
26096,updation
11835,miss
30696,regenerate
4415,updation
29360,updation
22282,updation
15011,regenerate
21672,miss
4167,updation
4494,updation
16749,regenerate
22019,updation
9189,miss
23416,regenerate
29072,updation
3476,updation
5833,updation
26096,regenerate
30250,updation
16701,updation
31086,updation
23416,updation
26366,updation
18648,hit
30414,updation
20532,updation
3718,updation
17956,updation
12487,miss
22735,miss
30117,updation
19421,updation
33011,hit
7310,miss
1455,updation
28247,updation
24200,updation
10283,updation
16749,hit
11383,updation
2108,updation
31303,updation
29936,updation
12387,updation
17290,regenerate
21345,updation
24125,updation
8389,updation
36401,updation
28878,updation
14525,regenerate
23400,updation
26475,updation
16920,updation
8881,miss
23540,regenerate
26366,regenerate
12775,updation
18654,regenerate
9674,miss
3756,miss
31408,updation
18131,miss
16491,miss
24125,updation
16920,regenerate
26265,updation
11043,updation
23978,updation
33418,miss
28335,regenerate
16701,regenerate
12874,updation
16377,hit
13138,updation
17463,updation
20667,updation
14525,hit
13073,updation
30350,updation
11383,updation
29596,miss
32818,miss
28194,updation
8197,updation
2045,updation
13661,updation
4465,miss
10285,updation
30350,regenerate
21672,updation
17467,updation
34647,regenerate
23540,regenerate
11660,updation
13661,regenerate
12873,updation
4702,updation
5566,updation
9522,updation
5352,updation
22305,updation
10287,updation
28020,updation
34772,updation
12813,miss
34161,miss
9375,updation
18131,updation
15486,updation
11135,updation
5352,regenerate
6516,miss
15538,miss
6979,miss
26484,miss
31408,regenerate
15088,updation
5704,miss
14811,miss
32069,updation
3680,updation
13471,updation
22549,updation
23371,updation
20667,updation
32603,miss
11282,updation
13138,updation
30736,updation
28194,updation
34380,miss
7310,miss
10287,regenerate
17467,updation
19421,updation
6824,miss
16505,miss
10283,regenerate
10455,regenerate
18784,miss
25811,miss
32741,updation
1081,updation
36241,updation
17621,updation
28278,updation
35240,updation
12108,updation
4465,hit
15230,updation
7880,miss
14451,updation
28335,updation
16771,updation
14996,updation
35397,miss
17196,updation
17225,updation
29864,updation
5706,miss
17798,updation
17467,regenerate
19963,miss
26371,updation
32634,updation
28153,updation
6516,hit
21773,updation
9375,updation
31418,updation
17798,regenerate
2124,updation
13409,updation
12874,regenerate
5618,miss
9823,updation
20006,miss
11650,updation
496,updation
3680,regenerate
453,updation
6415,updation
4889,updation
30311,updation
5674,updation
35546,hit
12141,updation
16920,updation
3756,updation
34397,miss
2857,updation
15365,updation
6626,updation
4178,updation
34679,updation
29987,miss
23416,regenerate
16143,updation
21672,updation
10455,updation
428,miss
16692,miss
580,miss
26265,updation
16071,miss
17467,hit
6650,miss
13819,miss
31408,hit
8010,updation
12873,updation
19991,updation
1160,miss
31303,updation
5833,updation
18852,updation
5394,updation
16143,updation
1085,miss
33418,updation
12813,hit
24802,updation
2427,updation
26484,updation
17956,regenerate
8620,updation
7880,updation
26555,regenerate
16622,updation
27830,updation
34380,updation
25223,updation
12487,updation
11595,updation
16607,updation
28335,updation
6533,updation
20011,miss
25956,miss
9823,updation
6029,updation
4889,updation
34679,updation
11315,updation
6533,regenerate
19368,miss
12141,updation
11595,updation
8389,updation
20239,miss
22764,miss
26265,updation
1160,hit
10455,updation
6367,updation
33418,updation
5654,updation
7208,miss
33049,miss
17196,updation
10285,updation
13819,regenerate
23519,updation
31264,updation
27259,updation
4889,updation
28247,updation
364,updation
2124,updation
1455,updation
1581,miss
9163,miss
23519,regenerate
30311,updation
32774,updation
9189,updation
1408,regenerate
16701,updation
23969,updation
16771,updation
35836,updation
20239,updation
15088,updation
10283,regenerate
17798,updation
8389,regenerate
12873,updation
34679,regenerate
31303,updation
36254,updation
28490,updation
15230,regenerate
17798,regenerate
19368,hit
34410,updation
26096,updation
23907,updation
36254,regenerate
13824,miss
28114,updation
13471,updation
13572,updation
34084,updation
15088,regenerate
33850,updation
32779,updation
19782,updation
4095,miss
27309,updation
12874,updation
34161,updation
13409,updation
23519,hit
299,updation
20995,miss
13797,miss
32913,miss
19782,regenerate
6516,hit
16692,updation
8071,updation
29260,updation
30134,miss
13959,miss
25113,updation
12873,updation
19392,updation
5124,miss
32779,updation
30088,miss
32634,updation
16071,updation
4494,updation
36254,updation
15088,updation
30736,updation
23969,regenerate
6533,updation
25223,updation
3328,updation
23952,updation
2124,regenerate
5566,updation
14811,updation
36401,updation
1040,miss
10490,updation
33418,updation
33418,regenerate
22305,updation
2836,updation
16360,updation
28490,updation
11629,updation
20995,hit
22764,hit
19782,updation
35796,updation
21345,updation
29260,updation
10490,regenerate
7366,updation
12873,regenerate
11858,updation
23540,regenerate
15574,updation
18131,updation
36241,updation
2427,updation
177,updation
35836,updation
34618,updation
6533,regenerate
20011,updation
18306,miss
17463,updation
30134,hit
25223,regenerate
9746,miss
30088,regenerate
14312,miss
26710,miss
1267,miss
12054,miss
34568,updation
3718,updation
4178,updation
16662,miss
34161,updation
11135,updation
13572,updation
5394,updation
35397,updation
23540,updation
34161,updation
21345,updation
11383,updation
33733,updation
22764,hit
33011,updation
17290,updation
35796,updation
5654,updation
28836,miss
26697,updation
7802,updation
12813,updation
1267,hit
4494,updation
12387,updation
29372,updation
1704,miss
12499,updation
9939,miss
7598,miss
23907,updation
35836,updation
9189,updation
21396,miss
30077,updation
23400,regenerate
12479,miss
6626,updation
26710,hit
29156,miss
11221,miss
1040,updation
35302,updation
13959,hit
31342,miss
27309,updation
18306,updation
17778,miss
6533,updation
12054,updation
19744,miss
34772,updation
16749,updation
6096,miss
31342,regenerate
16491,hit
364,updation
10054,updation
5131,updation
364,regenerate
6318,miss
11043,regenerate
31863,miss
28335,updation
12487,updation
29596,updation
3328,updation
7880,regenerate
19421,updation
23540,updation
10455,updation
17778,updation
32634,updation
8197,updation
17463,regenerate
36254,updation
33418,updation
35302,regenerate
496,updation
34912,updation
8881,updation
6318,regenerate
23540,regenerate
22282,updation
18575,miss
20667,updation
7598,hit
34568,updation
5692,updation
29540,miss
31863,updation
34290,updation
28836,updation
32818,updation
14996,updation
30720,miss
30250,updation
15011,updation
26697,updation
16749,updation
33049,updation
6096,hit
6318,regenerate
34618,updation
24061,miss
29156,updation
26265,updation
36254,updation
14246,updation
6533,regenerate
23969,updation
32603,updation
31418,updation
8830,updation
3980,miss
30696,updation
15574,updation
31102,miss
22735,updation
6318,regenerate
6650,updation
9476,miss
8830,regenerate
26718,miss
31863,regenerate
35836,updation
23791,updation
4141,miss
364,updation
36371,miss
16622,updation
23203,miss
15011,updation
11835,updation
8881,updation
1704,updation
19392,updation
29372,updation
4095,hit
1267,updation
6533,regenerate
32818,updation
33418,updation
16920,updation
24514,miss
16692,updation
5352,updation
32634,updation
16505,updation
19392,regenerate
12499,updation
30311,updation
4415,updation
5654,updation
26484,updation
32774,updation
17467,updation
5692,updation
14451,updation
11595,updation
16948,miss
26648,updation
33850,updation
36373,miss
1085,updation
26475,updation
16948,hit
30736,updation
28114,updation
11315,updation
1581,updation
16771,updation
5704,updation
1160,updation
19782,updation
3328,regenerate
16607,updation
9823,updation
20845,miss
13944,miss
20845,hit
28878,miss
9189,updation
28836,updation
33971,miss
19963,updation
22235,miss
1023,updation
5124,updation
19719,miss
17290,updation
7880,hit
11660,updation
26484,regenerate
29156,regenerate
13748,miss
7069,miss
12813,updation
721,miss
15814,miss
3756,updation
14601,miss
11650,updation
15814,hit
6516,updation
11043,updation
29514,miss
1160,regenerate
10283,updation
10490,hit
25357,miss
13661,updation
9163,updation
26475,updation
4167,updation
33049,updation
4494,updation
29514,updation
34912,updation
10490,hit
26096,regenerate
23952,updation
5997,miss
12487,updation
18852,updation
32083,miss
5674,updation
26171,updation
31863,updation
28278,updation
7310,miss
8010,updation
18784,updation
29072,miss
29864,updation
35240,updation
21345,updation
7016,miss
1081,updation
5379,miss
19368,updation
6626,updation
29072,hit
4167,regenerate
3476,updation
17225,updation
28194,updation
22019,miss
18784,regenerate
6626,regenerate
32910,miss
16491,updation
11383,updation
29668,updation
16701,updation
32910,regenerate
17463,updation
21345,regenerate
14813,miss
35836,updation
20667,regenerate
36401,updation
15538,updation
25357,updation
6367,updation
2045,updation
6318,regenerate
4331,miss
26475,updation
27323,miss
23416,updation
28513,updation
28020,updation
35244,miss
11629,regenerate
8830,hit
30707,miss
26475,regenerate
12108,updation
30743,miss
13138,updation
9939,updation
23416,regenerate
34380,updation
16662,updation
5833,updation
5674,updation
7432,miss
30088,updation
32910,updation
8389,updation
3756,regenerate
17956,updation
2836,updation
32774,updation
8620,updation
12487,updation
8389,regenerate
27323,updation
10479,miss
1040,updation
25357,updation
31102,updation
29514,updation
16749,updation
28020,updation
1704,regenerate
9476,updation
28247,regenerate
27046,miss
11650,regenerate
16377,updation
364,updation
22235,updation
1912,miss
12108,updation
16692,regenerate
16771,regenerate
30736,updation
15814,hit
2045,updation
29514,regenerate
35546,updation
14312,updation
30350,updation
3980,updation
34647,miss
16948,updation
177,updation
6626,regenerate
7310,miss
32603,regenerate
34912,updation
28278,updation
25811,regenerate
3822,miss
20995,updation
5997,updation
34647,hit
11629,hit
34342,miss
14312,regenerate
35796,updation
13073,updation
17621,miss
35836,updation
6650,updation
1160,updation
16749,regenerate
29156,updation
4889,miss
1766,miss
4415,updation
1267,updation
18306,updation
5379,updation
23400,hit
10479,regenerate
30117,miss
28878,updation
28513,updation
29540,updation
26697,updation
12873,updation
26096,hit
18648,updation
27259,updation
19392,updation
26096,hit
29260,updation
4331,updation
23540,updation
34039,miss
177,updation
12479,updation
15574,updation
11221,updation
31264,miss
28153,miss
31943,miss
30414,miss
14601,updation
27046,regenerate
16662,updation
496,updation
4889,hit
177,regenerate
17621,updation
10490,updation
13824,updation
20995,regenerate
18852,regenerate
14515,miss
17798,updation
5654,updation
36373,updation
19101,miss
5394,updation
36348,miss
12487,regenerate
27259,regenerate
36371,updation
4465,updation
13661,updation
16228,miss
1704,updation
4167,updation
7802,updation
17064,miss
31086,miss
3718,updation
35689,miss
9178,miss
29372,updation
21396,updation
30696,updation
10455,updation
8830,updation
23969,updation
27259,hit
14451,updation
14996,updation
13748,updation
11383,updation
18648,regenerate
28278,updation
28020,updation
15230,miss
15230,regenerate
7208,updation
7327,miss
32741,updation
32816,updation
22235,regenerate
16607,updation
12487,updation
32774,regenerate
11282,miss
26648,updation
29668,updation
11629,hit
22549,updation
9522,miss
21741,miss
10490,updation
4167,updation
3718,updation
4494,updation
5124,updation
11383,updation
18784,updation
10479,updation
28020,regenerate
9674,updation
2124,updation
1545,miss
5704,updation
26710,updation
11282,hit
36371,regenerate
2857,miss
5352,updation
8197,updation
23416,updation
31408,updation
17621,updation
12840,miss
26697,updation
19421,updation
32774,regenerate
12479,regenerate
12499,updation
30720,updation
453,updation
36254,updation
9178,hit
16662,updation
30414,regenerate
28513,updation
1267,updation
2124,regenerate
27046,regenerate
6626,updation
20532,miss
17290,updation
7208,updation
2102,miss
5352,regenerate
6367,updation
27323,updation
5124,regenerate
1351,miss
30250,updation
18648,regenerate
24802,miss
17064,updation
14246,updation
34912,updation
33728,miss
16692,updation
15088,updation
11374,miss
16662,updation
721,updation
9522,updation
9163,updation
11383,updation
29864,updation
9939,updation
34410,miss
8010,updation
26096,updation
12775,miss
12840,updation
22019,updation
35836,updation
1545,regenerate
14451,updation
1545,regenerate
7016,updation
1351,updation
28247,regenerate
30707,updation
32910,updation
24514,updation
16776,miss
29987,updation
2124,updation
299,miss
35689,updation
22549,updation
7327,updation
8830,updation
23969,regenerate
19421,updation
23907,updation
23969,regenerate
13959,updation
29668,updation
5997,updation
4415,updation
32634,updation
34290,updation
16607,updation
13819,updation
34161,updation
21475,miss
29826,miss
27302,miss
17196,miss
8389,updation
5618,regenerate
11374,updation
13661,updation
11383,updation
13409,updation
35397,updation
1160,updation
6096,updation
12387,updation
4702,miss
35756,miss
2836,updation
3718,updation
3476,updation
4095,updation
15230,updation
Querier,Cache log
Querier,Cache log
Querier,Cache log
Querier,Cache log
Querier,Cache log
Querier,Cache log
Querier,Cache log
Querier,Cache log
Querier,Cache log
Querier,Cache log
Querier,Cache log
Querier,Cache log
Querier,Cache log
Querier,Cache log
Querier,Cache log
Querier,Cache log
Querier,Cache log
Querier,Cache log
Querier,Cache log
Querier,Cache log
Querier,Cache log
Querier,Cache log
Querier,Cache log
Querier,Cache log
Querier,Cache log
Querier,Cache log
Querier,Cache log
Querier,Cache log
Querier,Cache log
Querier,Cache log
Querier,Cache log
Querier,Cache log
Querier,Cache log
Querier,Cache log
Querier,Cache log
Querier,Cache log
Querier,Cache log
Querier,Cache log
Querier,Cache log
Querier,Cache log
Querier,Cache log
Querier,Cache log
Querier,Cache log
Querier,Cache log
Querier,Cache log
Querier,Cache log
Querier,Cache log
Querier,Cache log
Querier,Cache log
Querier,Cache log
Querier,Cache log
